altitude_km,energy_eV,branch_probability,total_hot_O_production_cm-3_s-1,branch_hot_O_production_cm-3_s-1
98.75,0.415,0.058,859.1013608377896,49.8278789285918
101.25,0.415,0.058,1261.22439848453,73.15101511210274
103.75,0.415,0.058,1656.7773981711994,96.09308909392956
106.25,0.415,0.058,2234.2687066629815,129.58758498645292
108.75,0.415,0.058,3386.500932085047,196.41705406093274
111.25,0.415,0.058,5487.795582324945,318.2921437748468
113.75,0.415,0.058,8583.141169359298,497.82218782283934
116.25,0.415,0.058,12087.92088891377,701.0994115569987
118.75,0.415,0.058,15049.472633525169,872.8694127444599
121.25,0.415,0.058,17055.67210410533,989.2289820381093
123.75,0.415,0.058,16689.254628294,967.976768441052
126.25,0.415,0.058,15037.250724060083,872.1605419954848
128.75,0.415,0.058,12871.628263046035,746.5544392566701
131.25,0.415,0.058,10640.231728439136,617.1334402494699
133.75,0.415,0.058,8648.850480090014,501.63332784522083
136.25,0.415,0.058,6932.028561571245,402.0576565711322
138.75,0.415,0.058,5533.910395100342,320.9668029158198
141.25,0.415,0.058,4395.551697330553,254.9419984451721
143.75,0.415,0.058,3496.884072068174,202.8192761799541
146.25,0.415,0.058,2778.2403835179275,161.1379422440398
148.75,0.415,0.058,2203.612171640225,127.80950595513305
151.25,0.415,0.058,1741.7002262964997,101.01861312519699
153.75,0.415,0.058,1374.158460053368,79.70119068309535
156.25,0.415,0.058,1073.4865116949923,62.262217678309554
158.75,0.415,0.058,831.6408674988777,48.23517031493491
161.25,0.415,0.058,639.622962083383,37.098131800836214
163.75,0.415,0.058,489.3366755393626,28.381527181283033
166.25,0.415,0.058,373.9553991584395,21.68941315118949
168.75,0.415,0.058,286.58757239238406,16.622079198758275
171.25,0.415,0.058,220.87523985660732,12.810763911683225
173.75,0.415,0.058,171.5121852366805,9.947706743727469
176.25,0.415,0.058,134.2977331045725,7.789268520065206
178.75,0.415,0.058,106.05571532532932,6.151231488869101
181.25,0.415,0.058,83.93324446983823,4.8681281792506175
183.75,0.415,0.058,66.26742447790488,3.8435106197184834
186.25,0.415,0.058,52.66693832612046,3.0546824229149867
188.75,0.415,0.058,42.15823344489921,2.4451775398041544
191.25,0.415,0.058,33.996420043761205,1.97179236253815
193.75,0.415,0.058,27.61608975230238,1.601733205633538
196.25,0.415,0.058,22.595470302544307,1.3105372775475699
198.75,0.415,0.058,18.617616831008625,1.0798217761985003
201.25,0.415,0.058,15.520184193651835,0.9001706832318065
203.75,0.415,0.058,13.074112094345432,0.7582985014720351
206.25,0.415,0.058,11.07385519590727,0.6422836013626217
208.75,0.415,0.058,9.429375932020825,0.5469038040572078
211.25,0.415,0.058,8.070236211119928,0.46807370024495587
213.75,0.415,0.058,6.941555747858159,0.40261023337577323
216.25,0.415,0.058,6.000202105450508,0.34801172211612946
218.75,0.415,0.058,5.211616583629703,0.3022737618505228
221.25,0.415,0.058,4.548112473490357,0.2637905234624407
223.75,0.415,0.058,3.9880757221743455,0.23130839188611205
226.25,0.415,0.058,3.5135460118770063,0.20378566868886638
228.75,0.415,0.058,3.110277414475083,0.18039609003955484
231.25,0.415,0.058,2.7667531493080237,0.1604716826598654
233.75,0.415,0.058,2.4734889519783274,0.14346235921474298
236.25,0.415,0.058,2.2228942607694457,0.12892786712462787
238.75,0.415,0.058,2.008951174146752,0.11651916810051162
241.25,0.415,0.058,1.8269081123746664,0.10596067051773066
243.75,0.415,0.058,1.673348775483958,0.09705422897806956
246.25,0.415,0.058,1.5460625213966888,0.08967162624100795
248.75,0.415,0.058,1.4438938640370163,0.08374584411414694
251.25,0.415,0.058,1.3654034802564725,0.0791934018548754
98.75,1.53,0.204,859.1013608377896,175.25667761090907
101.25,1.53,0.204,1261.22439848453,257.2897772908441
103.75,1.53,0.204,1656.7773981711994,337.98258922692463
106.25,1.53,0.204,2234.2687066629815,455.7908161592482
108.75,1.53,0.204,3386.500932085047,690.8461901453496
111.25,1.53,0.204,5487.795582324945,1119.5102987942887
113.75,1.53,0.204,8583.141169359298,1750.9607985492967
116.25,1.53,0.204,12087.92088891377,2465.935861338409
118.75,1.53,0.204,15049.472633525169,3070.092417239134
121.25,1.53,0.204,17055.67210410533,3479.3571092374873
123.75,1.53,0.204,16689.254628294,3404.6079441719753
126.25,1.53,0.204,15037.250724060083,3067.5991477082566
128.75,1.53,0.204,12871.628263046035,2625.812165661391
131.25,1.53,0.204,10640.231728439136,2170.6072726015836
133.75,1.53,0.204,8648.850480090014,1764.3654979383628
136.25,1.53,0.204,6932.028561571245,1414.1338265605339
138.75,1.53,0.204,5533.910395100342,1128.9177206004697
141.25,1.53,0.204,4395.551697330553,896.6925462554327
143.75,1.53,0.204,3496.884072068174,713.3643507019075
146.25,1.53,0.204,2778.2403835179275,566.7610382376572
148.75,1.53,0.204,2203.612171640225,449.53688301460585
151.25,1.53,0.204,1741.7002262964997,355.30684616448593
153.75,1.53,0.204,1374.158460053368,280.32832585088704
156.25,1.53,0.204,1073.4865116949923,218.99124838577842
158.75,1.53,0.204,831.6408674988777,169.65473696977105
161.25,1.53,0.204,639.622962083383,130.48308426501012
163.75,1.53,0.204,489.3366755393626,99.82468181002996
166.25,1.53,0.204,373.9553991584395,76.28690142832166
168.75,1.53,0.204,286.58757239238406,58.46386476804634
171.25,1.53,0.204,220.87523985660732,45.05854893074789
173.75,1.53,0.204,171.5121852366805,34.988485788282816
176.25,1.53,0.204,134.2977331045725,27.396737553332787
178.75,1.53,0.204,106.05571532532932,21.63536592636718
181.25,1.53,0.204,83.93324446983823,17.122381871846997
183.75,1.53,0.204,66.26742447790488,13.518554593492595
186.25,1.53,0.204,52.66693832612046,10.744055418528573
188.75,1.53,0.204,42.15823344489921,8.60027962275944
191.25,1.53,0.204,33.996420043761205,6.935269688927286
193.75,1.53,0.204,27.61608975230238,5.633682309469685
196.25,1.53,0.204,22.595470302544307,4.6094759417190385
198.75,1.53,0.204,18.617616831008625,3.7979938335257595
201.25,1.53,0.204,15.520184193651835,3.166117575504974
203.75,1.53,0.204,13.074112094345432,2.667118867246468
206.25,1.53,0.204,11.07385519590727,2.259066459965083
208.75,1.53,0.204,9.429375932020825,1.9235926901322482
211.25,1.53,0.204,8.070236211119928,1.6463281870684652
213.75,1.53,0.204,6.941555747858159,1.4160773725630642
216.25,1.53,0.204,6.000202105450508,1.2240412295119034
218.75,1.53,0.204,5.211616583629703,1.0631697830604594
221.25,1.53,0.204,4.548112473490357,0.9278149445920327
223.75,1.53,0.204,3.9880757221743455,0.8135674473235665
226.25,1.53,0.204,3.5135460118770063,0.7167633864229093
228.75,1.53,0.204,3.110277414475083,0.6344965925529169
231.25,1.53,0.204,2.7667531493080237,0.5644176424588369
233.75,1.53,0.204,2.4734889519783274,0.5045917462035787
236.25,1.53,0.204,2.2228942607694457,0.4534704291969669
238.75,1.53,0.204,2.008951174146752,0.4098260395259373
241.25,1.53,0.204,1.8269081123746664,0.37268925492443195
243.75,1.53,0.204,1.673348775483958,0.3413631501987274
246.25,1.53,0.204,1.5460625213966888,0.3153967543649245
248.75,1.53,0.204,1.4438938640370163,0.2945543482635513
251.25,1.53,0.204,1.3654034802564725,0.2785423099723204
98.75,2.51,0.473,859.1013608377896,406.35494367627444
101.25,2.51,0.473,1261.22439848453,596.5591404831827
103.75,2.51,0.473,1656.7773981711994,783.6557093349772
106.25,2.51,0.473,2234.2687066629815,1056.8090982515903
108.75,2.51,0.473,3386.500932085047,1601.8149408762272
111.25,2.51,0.473,5487.795582324945,2595.7273104396986
113.75,2.51,0.473,8583.141169359298,4059.825773106948
116.25,2.51,0.473,12087.92088891377,5717.586580456213
118.75,2.51,0.473,15049.472633525169,7118.400555657405
121.25,2.51,0.473,17055.67210410533,8067.332905241821
123.75,2.51,0.473,16689.254628294,7894.017439183061
126.25,2.51,0.473,15037.250724060083,7112.619592480419
128.75,2.51,0.473,12871.628263046035,6088.280168420774
131.25,2.51,0.473,10640.231728439136,5032.829607551711
133.75,2.51,0.473,8648.850480090014,4090.9062770825763
136.25,2.51,0.473,6932.028561571245,3278.8495096231986
138.75,2.51,0.473,5533.910395100342,2617.5396168824614
141.25,2.51,0.473,4395.551697330553,2079.0959528373514
143.75,2.51,0.473,3496.884072068174,1654.0261660882463
146.25,2.51,0.473,2778.2403835179275,1314.1077014039797
148.75,2.51,0.473,2203.612171640225,1042.3085571858264
151.25,2.51,0.473,1741.7002262964997,823.8242070382444
153.75,2.51,0.473,1374.158460053368,649.976951605243
156.25,2.51,0.473,1073.4865116949923,507.7591200317313
158.75,2.51,0.473,831.6408674988777,393.36613032696914
161.25,2.51,0.473,639.622962083383,302.5416610654401
163.75,2.51,0.473,489.3366755393626,231.4562475301185
166.25,2.51,0.473,373.9553991584395,176.88090380194188
168.75,2.51,0.473,286.58757239238406,135.55592174159764
171.25,2.51,0.473,220.87523985660732,104.47398845217526
173.75,2.51,0.473,171.5121852366805,81.12526361694987
176.25,2.51,0.473,134.2977331045725,63.52282775846279
178.75,2.51,0.473,106.05571532532932,50.164353348880766
181.25,2.51,0.473,83.93324446983823,39.70042463423348
183.75,2.51,0.473,66.26742447790488,31.344491778049008
186.25,2.51,0.473,52.66693832612046,24.911461828254975
188.75,2.51,0.473,42.15823344489921,19.940844419437326
191.25,2.51,0.473,33.996420043761205,16.08030668069905
193.75,2.51,0.473,27.61608975230238,13.062410452839025
196.25,2.51,0.473,22.595470302544307,10.687657453103457
198.75,2.51,0.473,18.617616831008625,8.80613276106708
201.25,2.51,0.473,15.520184193651835,7.341047123597317
203.75,2.51,0.473,13.074112094345432,6.184055020625389
206.25,2.51,0.473,11.07385519590727,5.237933507664139
208.75,2.51,0.473,9.429375932020825,4.46009481584585
211.25,2.51,0.473,8.070236211119928,3.817221727859726
213.75,2.51,0.473,6.941555747858159,3.283355868736909
216.25,2.51,0.473,6.000202105450508,2.83809559587809
218.75,2.51,0.473,5.211616583629703,2.4650946440568493
221.25,2.51,0.473,4.548112473490357,2.1512571999609387
223.75,2.51,0.473,3.9880757221743455,1.8863598165884654
226.25,2.51,0.473,3.5135460118770063,1.6619072636178238
228.75,2.51,0.473,3.110277414475083,1.4711612170467143
231.25,2.51,0.473,2.7667531493080237,1.3086742396226951
233.75,2.51,0.473,2.4734889519783274,1.169960274285749
236.25,2.51,0.473,2.2228942607694457,1.0514289853439478
238.75,2.51,0.473,2.008951174146752,0.9502339053714136
241.25,2.51,0.473,1.8269081123746664,0.8641275371532172
243.75,2.51,0.473,1.673348775483958,0.791493970803912
246.25,2.51,0.473,1.5460625213966888,0.7312875726206337
248.75,2.51,0.473,1.4438938640370163,0.6829617976895086
251.25,2.51,0.473,1.3654034802564725,0.6458358461613115
98.75,3.495,0.265,859.1013608377896,227.66186062201425
101.25,3.495,0.265,1261.22439848453,334.22446559840046
103.75,3.495,0.265,1656.7773981711994,439.04601051536787
106.25,3.495,0.265,2234.2687066629815,592.0812072656901
108.75,3.495,0.265,3386.500932085047,897.4227470025376
111.25,3.495,0.265,5487.795582324945,1454.2658293161105
113.75,3.495,0.265,8583.141169359298,2274.5324098802143
116.25,3.495,0.265,12087.92088891377,3203.299035562149
118.75,3.495,0.265,15049.472633525169,3988.11024788417
121.25,3.495,0.265,17055.67210410533,4519.753107587913
123.75,3.495,0.265,16689.254628294,4422.652476497909
126.25,3.495,0.265,15037.250724060083,3984.8714418759223
128.75,3.495,0.265,12871.628263046035,3410.9814897071997
131.25,3.495,0.265,10640.231728439136,2819.661408036371
133.75,3.495,0.265,8648.850480090014,2291.945377223854
136.25,3.495,0.265,6932.028561571245,1836.98756881638
138.75,3.495,0.265,5533.910395100342,1466.4862547015907
141.25,3.495,0.265,4395.551697330553,1164.8211997925966
143.75,3.495,0.265,3496.884072068174,926.6742790980662
146.25,3.495,0.265,2778.2403835179275,736.2337016322508
148.75,3.495,0.265,2203.612171640225,583.9572254846596
151.25,3.495,0.265,1741.7002262964997,461.55055996857243
153.75,3.495,0.265,1374.158460053368,364.1519919141425
156.25,3.495,0.265,1073.4865116949923,284.47392559917296
158.75,3.495,0.265,831.6408674988777,220.3848298872026
161.25,3.495,0.265,639.622962083383,169.5000849520965
163.75,3.495,0.265,489.3366755393626,129.6742190179311
166.25,3.495,0.265,373.9553991584395,99.09818077698647
168.75,3.495,0.265,286.58757239238406,75.94570668398178
171.25,3.495,0.265,220.87523985660732,58.531938562000946
173.75,3.495,0.265,171.5121852366805,45.45072908772033
176.25,3.495,0.265,134.2977331045725,35.588899272711714
178.75,3.495,0.265,106.05571532532932,28.10476456121227
181.25,3.495,0.265,83.93324446983823,22.242309784507132
183.75,3.495,0.265,66.26742447790488,17.560867486644796
186.25,3.495,0.265,52.66693832612046,13.956738656421923
188.75,3.495,0.265,42.15823344489921,11.17193186289829
191.25,3.495,0.265,33.996420043761205,9.00905131159672
193.75,3.495,0.265,27.61608975230238,7.318263784360131
196.25,3.495,0.265,22.595470302544307,5.9877996301742415
198.75,3.495,0.265,18.617616831008625,4.933668460217286
201.25,3.495,0.265,15.520184193651835,4.112848811317736
203.75,3.495,0.265,13.074112094345432,3.46463970500154
206.25,3.495,0.265,11.07385519590727,2.9345716269154267
208.75,3.495,0.265,9.429375932020825,2.4987846219855188
211.25,3.495,0.265,8.070236211119928,2.138612595946781
213.75,3.495,0.265,6.941555747858159,1.839512273182412
216.25,3.495,0.265,6.000202105450508,1.5900535579443846
218.75,3.495,0.265,5.211616583629703,1.3810783946618714
221.25,3.495,0.265,4.548112473490357,1.2052498054749445
223.75,3.495,0.265,3.9880757221743455,1.0568400663762016
226.25,3.495,0.265,3.5135460118770063,0.9310896931474067
228.75,3.495,0.265,3.110277414475083,0.8242235148358971
231.25,3.495,0.265,2.7667531493080237,0.7331895845666263
233.75,3.495,0.265,2.4734889519783274,0.6554745722742568
236.25,3.495,0.265,2.2228942607694457,0.5890669791039032
238.75,3.495,0.265,2.008951174146752,0.5323720611488892
241.25,3.495,0.265,1.8269081123746664,0.4841306497792866
243.75,3.495,0.265,1.673348775483958,0.4434374255032489
246.25,3.495,0.265,1.5460625213966888,0.4097065681701225
248.75,3.495,0.265,1.4438938640370163,0.3826318739698093
251.25,3.495,0.265,1.3654034802564725,0.36183192226796523
