altitude_km,longitude_deg,latitude_deg,Tn_K,Ti_K,Te_K,nCO2_m3,nO_m3,nN2_m3,nCO_m3,nO2_m3,nO2p_m3,nOp_m3,nCO2p_m3,ne_m3,UN_ms,VN_ms,WN_ms,nO2p_cm3,ne_cm3,k_dr_cm3s,alpha_dr_cm3s,Q_hotO_cm3s
98.75,27.5,0.0,122.86,122.875,122.875,2.8811e+18,1.72745e+16,7.01735e+16,7487950000000000.0,3459150000000000.0,34320000000.0,265780.0,39872500.0,34361500000.0,-46.925,0.5788499999999999,-0.0230845,34320.0,34361.5,3.642461902638422e-07,429.5506804188948,859.1013608377896
101.25,27.5,0.0,121.795,121.805,121.805,1.9848e+18,1.2935e+16,4.91945e+16,6037050000000000.0,2396600000000000.0,41439500000.0,558795.0,81714000.0,41523500000.0,-47.301,0.6205499999999999,-0.036697,41439.5,41523.5,3.664830628727541e-07,630.612199242265,1261.22439848453
103.75,27.5,0.0,121.14,121.155,121.155,1.3595e+18,9719050000000000.0,3.44815e+16,4864200000000000.0,1657300000000000.0,47376000000.0,1042400.0,153665000.0,47533000000.0,-47.647499999999994,0.6521499999999998,-0.0461055,47376.0,47533.0,3.678582922237645e-07,828.3886990855997,1656.7773981711994
106.25,27.5,0.0,120.925,120.945,120.945,9.2693e+17,7337100000000000.0,2.4201e+16,3920850000000000.0,1145600000000000.0,54914500000.0,1941300.0,313325000.0,55234500000.0,-47.9655,0.6735,-0.0406075,54914.5,55234.5,3.68305281315677e-07,1117.1343533314907,2234.2687066629815
108.75,27.5,0.0,121.25,121.25999999999999,121.25999999999999,6.2971e+17,5570500000000000.0,1.70285e+16,3164050000000000.0,792690000000000.0,67491500000.0,3962550.0,731970000.0,68242500000.0,-48.2555,0.6838500000000001,0.0234946,67491.5,68242.5,3.676352912538998e-07,1693.2504660425236,3386.500932085047
111.25,27.5,0.0,122.475,122.485,122.485,4.2584e+17,4247500000000000.0,1.2001e+16,2552050000000000.0,548570000000000.0,85802000000.0,8691700.0,1760250000.0,87601000000.0,-48.519999999999996,0.6836,-0.060684,85802.0,87601.0,3.65057651114067e-07,2743.8977911624725,5487.795582324945
113.75,27.5,0.0,124.89500000000001,124.905,124.905,2.87055e+17,3252800000000000.0,8480600000000000.0,2055900000000000.0,380190000000000.0,107205000000.0,18830000.0,3900100000.0,111170000000.0,-48.7605,0.6733999999999998,-0.062065499999999996,107205.0,111170.0,3.6009211617182327e-07,4291.570584679649,8583.141169359298
116.25,27.5,0.0,128.475,128.495,128.495,1.93665e+17,2507300000000000.0,6031550000000000.0,1656350000000000.0,264925000000000.0,127065000000.0,37433000.0,7563500000.0,134740000000.0,-48.9755,0.6538000000000002,-0.052642,127065.0,134740.0,3.5301985283314887e-07,6043.960444456885,12087.92088891377
118.75,27.5,0.0,133.11,133.125,133.125,1.31295e+17,1948800000000000.0,4332800000000000.0,1335950000000000.0,186315000000000.0,141585000000.0,60871000.0,12572500000.0,154325000000.0,-49.168499999999995,0.6255,-0.0438345,141585.0,154325.0,3.443798679097927e-07,7524.7363167625845,15049.472633525169
121.25,27.5,0.0,138.585,138.6,138.6,8.97935e+16,1529400000000000.0,3154100000000000.0,1079500000000000.0,132710000000000.0,150790000000.0,43938500.0,17917500000.0,168920000000.0,-49.341499999999996,0.5901000000000001,-0.0190995,150790.0,168920.0,3.347998297471138e-07,8527.836052052666,17055.67210410533
123.75,27.5,0.0,144.62,144.64,144.64,6.2143e+16,1213200000000000.0,2332600000000000.0,874395000000000.0,96001500000000.0,149270000000.0,54438000.0,22449500000.0,172035000000.0,-49.5,0.5493000000000001,0.0076169950000000005,149270.0,172035.0,3.2495079249943235e-07,8344.627314147,16689.254628294
126.25,27.5,0.0,150.965,150.985,150.985,4.3607e+16,973230000000000.0,1755150000000000.0,710380000000000.0,70641500000000.0,141880000000.0,304770000.0,25580000000.0,168055000000.0,-49.6455,0.5043499999999999,0.030289,141880.0,168055.0,3.1533038956747866e-07,7518.625362030041,15037.250724060083
128.75,27.5,0.0,157.31,157.32999999999998,157.32999999999998,3.1067e+16,789955000000000.0,1344750000000000.0,579350000000000.0,52924000000000.0,131805000000.0,84361000.0,27095000000.0,159375000000.0,-49.782,0.4563999999999999,0.066361,131805.0,159375.0,3.063736494401438e-07,6435.814131523018,12871.628263046035
131.25,27.5,0.0,163.385,163.405,174.15,2.2479e+16,649020000000000.0,1049050000000000.0,474860000000000.0,40371000000000.0,123175000000.0,287095000.0,27486500000.0,151365000000.0,-49.909,0.40569999999999995,0.0998425,123175.0,151365.0,2.853468315117261e-07,5320.115864219568,10640.231728439136
133.75,27.5,0.0,168.95,168.98,193.87,1.6511e+16,539610000000000.0,832390000000000.0,391380000000000.0,31323500000000.0,114785000000.0,106970000.0,26924000000.0,142325000000.0,-50.0275,0.35265000000000013,0.13207,114785.0,142325.0,2.6470494984211316e-07,4324.425240045007,8648.850480090014
136.25,27.5,0.0,173.895,173.915,212.85,1.22955e+16,453795000000000.0,670625000000000.0,324455000000000.0,24680000000000.0,105690000000.0,217055000.0,25800000000.0,132260000000.0,-50.1375,0.29769999999999985,0.16010000000000002,105690.0,132260.0,2.4795218030733713e-07,3466.0142807856223,6932.028561571245
138.75,27.5,0.0,178.145,178.17000000000002,231.12,9268050000000000.0,385750000000000.0,547485000000000.0,270535000000000.0,19708000000000.0,96928500000.0,122785000.0,24276500000.0,121960000000.0,-50.24,0.24114999999999998,0.18308000000000002,96928.5,121960.0,2.3406324380521978e-07,2766.955197550171,5533.910395100342
141.25,27.5,0.0,181.72500000000002,181.745,248.71,7059150000000000.0,331205000000000.0,451965000000000.0,226795000000000.0,15916000000000.0,88348000000.0,252595000.0,22559500000.0,111880000000.0,-50.334,0.1832999999999998,0.200245,88348.0,111880.0,2.223485063699163e-07,2197.7758486652765,4395.551697330553
143.75,27.5,0.0,184.685,184.70499999999998,265.63,5423650000000000.0,287000000000000.0,376550000000000.0,191075000000000.0,12975000000000.0,80523000000.0,154475000.0,20782500000.0,102260000000.0,-50.420500000000004,0.12459999999999982,0.2131,80523.0,102260.0,2.1233691538385803e-07,1748.442036034087,3496.884072068174
146.25,27.5,0.0,187.10000000000002,187.125,281.92,4196900000000000.0,250800000000000.0,316065000000000.0,161690000000000.0,10658000000000.0,73165500000.0,137520000.0,18977500000.0,93218500000.0,-50.498999999999995,0.06545000000000001,0.220455,73165.5,93218.5,2.0367201917767823e-07,1389.1201917589638,2778.2403835179275
148.75,27.5,0.0,189.06,189.07999999999998,297.6,3266400000000000.0,220840000000000.0,266885000000000.0,137335000000000.0,8808850000000.0,66268500000.0,166405000.0,17239500000.0,84785500000.0,-50.57,0.006199999999999983,0.2212,66268.5,84785.5,1.9609947946295396e-07,1101.8060858201125,2203.612171640225
151.25,27.5,0.0,190.635,190.66000000000003,312.7,2554150000000000.0,195795000000000.0,226440000000000.0,117025000000000.0,7316400000000.0,59747000000.0,239925000.0,15574000000.0,76948000000.0,-50.633,-0.05284999999999984,0.216455,59747.0,76948.0,1.8942180592003678e-07,870.8501131482499,1741.7002262964997
153.75,27.5,0.0,191.89999999999998,191.925,327.22,2004650000000000.0,174630000000000.0,192865000000000.0,99987000000000.0,6100900000000.0,53742000000.0,128995000.0,14012500000.0,69672500000.0,-50.688500000000005,-0.11125000000000007,0.20634,53742.0,69672.5,1.8349811253604928e-07,687.079230026684,1374.158460053368
156.25,27.5,0.0,192.91500000000002,192.935,341.2,1578150000000000.0,156565000000000.0,164775000000000.0,85616000000000.0,5103450000000.0,47869000000.0,158645000.0,12568500000.0,62921500000.0,-50.73650000000001,-0.1686500000000002,0.18997999999999998,47869.0,62921.5,1.7820224619915922e-07,536.7432558474961,1073.4865116949923
158.75,27.5,0.0,193.72500000000002,193.745,354.66,1245450000000000.0,141015000000000.0,141125000000000.0,73451000000000.0,4280200000000.0,42300000000.0,169930000.0,11245000000.0,56678000000.0,-50.7775,-0.22449999999999992,0.17215999999999998,42300.0,56678.0,1.7344067012606608e-07,415.82043374943885,831.6408674988777
161.25,27.5,0.0,194.35500000000002,194.375,367.61,984940000000000.0,127500000000000.0,121125000000000.0,63117500000000.0,3597500000000.0,37116000000.0,159995000.0,10040000000.0,50943000000.0,-50.811499999999995,-0.2785500000000001,0.1547,37116.0,50943.0,1.6914079512114606e-07,319.8114810416915,639.622962083383
163.75,27.5,0.0,194.83499999999998,194.86,380.08,780255000000000.0,115665000000000.0,104135000000000.0,54313500000000.0,3029050000000.0,32383000000.0,163905000.0,8947550000.0,45725000000.0,-50.839,-0.3304499999999997,0.13842,32383.0,45725.0,1.6523687674226285e-07,244.6683377696813,489.3366755393626
166.25,27.5,0.0,195.20499999999998,195.235,392.08,618965000000000.0,105220000000000.0,89652500000000.0,46791000000000.0,2554100000000.0,28191000000.0,168005000.0,7959400000.0,41022500000.0,-50.8605,-0.3797999999999999,0.128015,28191.0,41022.5,1.6168033747611847e-07,186.97769957921975,373.9553991584395
168.75,27.5,0.0,195.495,195.515,403.62,491575000000000.0,95938000000000.0,77271000000000.0,40348500000000.0,2156200000000.0,24566000000.0,172315000.0,7068150000.0,36817500000.0,-50.8765,-0.4264499999999998,0.12582,24566.0,36817.5,1.5843043513655168e-07,143.29378619619203,286.58757239238406
171.25,27.5,0.0,195.715,195.735,414.74,390770000000000.0,87643000000000.0,66662000000000.0,34821500000000.0,1822000000000.0,21480000000.0,176870000.0,6266600000.0,33075500000.0,-50.888000000000005,-0.47025000000000006,0.13137500000000002,21480.0,33075.5,1.5544485186254177e-07,110.43761992830366,220.87523985660732
173.75,27.5,0.0,195.875,195.905,425.44,310885000000000.0,80191000000000.0,57554000000000.0,30072000000000.0,1540850000000.0,18875000000.0,181720000.0,5547950000.0,29754000000.0,-50.894999999999996,-0.5109999999999999,0.14587,18875.0,29754.0,1.5269775980851413e-07,85.75609261834025,171.5121852366805
176.25,27.5,0.0,196.005,196.035,435.74,247495000000000.0,73469000000000.0,49723000000000.0,25985500000000.0,1303950000000.0,16681000000.0,186910000.0,4905450000.0,26807500000.0,-50.898,-0.5487499999999998,0.17126000000000002,16681.0,26807.5,1.501620848218131e-07,67.14886655228625,134.2977331045725
178.75,27.5,0.0,196.10500000000002,196.13,445.65,197140000000000.0,67383000000000.0,42981500000000.0,22465500000000.0,1104150000000.0,14829500000.0,192505000.0,4332650000.0,24191000000.0,-50.897999999999996,-0.5835999999999999,0.20512,14829.5,24191.0,1.4781678495922282e-07,53.02785766266466,106.05571532532932
181.25,27.5,0.0,196.18,180.37,501.95,157110000000000.0,61855000000000.0,37170500000000.0,19430500000000.0,935420000000.0,13707000000.0,199295000.0,3843850000.0,22511500000.0,-50.8955,-0.6155500000000003,0.24532500000000002,13707.0,22511.5,1.360057183613594e-07,41.966622234919114,83.93324446983823
183.75,27.5,0.0,196.235,191.63,603.71,125255000000000.0,56821000000000.0,32158000000000.0,16811500000000.0,792815000000.0,12966500000.0,207195000.0,3420400000.0,21380000000.0,-50.891,-0.6447499999999999,0.29027000000000003,12966.5,21380.0,1.1951973757139381e-07,33.13371223895244,66.26742447790488
186.25,27.5,0.0,196.28,203.61,702.66,99900500000000.0,52227000000000.0,27831000000000.0,14550000000000.0,672205000000.0,12168500000.0,215530000.0,3035600000.0,20136000000.0,-50.8845,-0.6713000000000002,0.3385,12168.5,20136.0,1.0747261785842314e-07,26.33346916306023,52.66693832612046
188.75,27.5,0.0,196.31,216.32,798.9,79704500000000.0,48029500000000.0,24093000000000.0,12596500000000.0,570140000000.0,11374500000.0,224485000.0,2688950000.0,18864500000.0,-50.876999999999995,-0.6954,0.3891,11374.5,18864.5,9.823693293443042e-08,21.079116722449605,42.15823344489921
191.25,27.5,0.0,196.34,229.84,892.48,63613000000000.0,44188000000000.0,20863000000000.0,10908500000000.0,483735000000.0,10615000000.0,234215000.0,2378200000.0,17615000000.0,-50.8685,-0.7172499999999999,0.44211,10615.0,17615.0,9.09076737866758e-08,16.998210021880602,33.996420043761205
193.75,27.5,0.0,196.36,244.2,983.49,50786500000000.0,40668500000000.0,18070500000000.0,9448750000000.0,410540000000.0,9903400000.0,244895000.0,2100800000.0,16416000000.0,-50.8595,-0.73695,0.498355,9903.4,16416.0,8.493379424966908e-08,13.80804487615119,27.61608975230238
196.25,27.5,0.0,196.38,259.45,1072.0,40559000000000.0,37442000000000.0,15656000000000.0,8186450000000.0,348515000000.0,9245450000.0,256710000.0,1853900000.0,15282000000.0,-50.8505,-0.75475,0.558955,9245.449999999999,15282.0,7.996190643299378e-08,11.297735151272153,22.595470302544307
198.75,27.5,0.0,196.39,275.66,1158.1,32400000000000.0,34480500000000.0,13567500000000.0,7094450000000.0,295940000000.0,8640750000.0,269865000.0,1634450000.0,14221500000.0,-50.841,-0.77075,0.62288,8640.75,14221.5,7.575254821986347e-08,9.308808415504313,18.617616831008625
201.25,27.5,0.0,196.4,292.88,1241.8,25890000000000.0,31761500000000.0,11760000000000.0,6149550000000.0,251360000000.0,8086800000.0,284575000.0,1439800000.0,13236500000.0,-50.831999999999994,-0.7852499999999998,0.683345,8086.799999999999,13236.5,7.249649482043559e-08,7.760092096825917,15.520184193651835
203.75,27.5,0.0,196.41,311.17,1323.2,20692000000000.0,29265000000000.0,10196000000000.0,5331600000000.0,213535000000.0,7579650000.0,301090000.0,1267250000.0,12327000000.0,-50.823,-0.7982499999999999,0.7276400000000001,7579.65,12327.0,6.996416583957885e-08,6.537056047172716,13.074112094345432
206.25,27.5,0.0,196.41,330.61,1402.3,16540500000000.0,26971000000000.0,8840750000000.0,4623200000000.0,181430000000.0,7115000000.0,319645000.0,1114500000.0,11490500000.0,-50.814499999999995,-0.80995,0.7501599999999999,7115.0,11490.5,6.772593557094582e-08,5.536927597953635,11.07385519590727
208.75,27.5,0.0,196.42000000000002,351.26,1479.3,13224500000000.0,24860000000000.0,7666800000000.0,4009400000000.0,154170000000.0,6688700000.0,340515000.0,979395000.0,10724000000.0,-50.8065,-0.8206,0.746705,6688.7,10724.0,6.572860758058863e-08,4.714687966010413,9.429375932020825
211.25,27.5,0.0,196.42000000000002,373.2,1554.2,10574500000000.0,22916000000000.0,6649550000000.0,3477500000000.0,131030000000.0,6296750000.0,364050000.0,859925000.0,10023000000.0,-50.799,-0.8301500000000002,0.71204,6296.75,10023.0,6.393550054725585e-08,4.035118105559964,8.070236211119928
213.75,27.5,0.0,196.42000000000002,396.52,1627.0,8454950000000.0,21123500000000.0,5767650000000.0,3016350000000.0,111365000000.0,5935600000.0,390630000.0,754345000.0,9383250000.0,-50.792,-0.8388500000000001,0.643725,5935.599999999999,9383.25,6.231733988916143e-08,3.4707778739290793,6.941555747858159
216.25,27.5,0.0,196.41,421.29,1697.8,6760600000000.0,19474000000000.0,5002550000000.0,2616400000000.0,94643000000.0,5602050000.0,420740000.0,661080000.0,8801150000.0,-50.785,-0.8466500000000001,0.5306649999999999,5602.05,8801.15,6.0848444386292e-08,3.000101052725254,6.000202105450508
218.75,27.5,0.0,196.41,447.6,1766.6,5406750000000.0,17958000000000.0,4338700000000.0,2269300000000.0,80427500000.0,5293250000.0,454935000.0,578710000.0,8272400000.0,-50.7785,-0.8537999999999999,0.360765,5293.25,8272.4,5.950980532631643e-08,2.6058082918148515,5.211616583629703
221.25,27.5,0.0,196.4,475.57,1833.6,4325450000000.0,16564000000000.0,3762950000000.0,1968250000000.0,68344000000.0,5006650000.0,493850000.0,505975000.0,7793250000.0,-50.772999999999996,-0.86025,0.13040000000000002,5006.65,7793.25,5.8282122585197757e-08,2.2740562367451784,4.548112473490357
223.75,27.5,0.0,196.385,505.27,1898.7,3462250000000.0,15280500000000.0,3263950000000.0,1707250000000.0,58080500000.0,4740100000.0,538215000.0,441770000.0,7360300000.0,-50.768,-0.86615,-0.133605,4740.099999999999,7360.299999999999,5.7154493440873607e-08,1.9940378610871727,3.9880757221743455
226.25,27.5,0.0,196.37,536.84,1962.0,2773300000000.0,14094500000000.0,2831500000000.0,1481100000000.0,49372500000.0,4491450000.0,588890000.0,385105000.0,6970350000.0,-50.7635,-0.8714999999999999,-0.37436,4491.45,6970.349999999999,5.611442207741782e-08,1.7567730059385032,3.5135460118770063
228.75,27.5,0.0,196.36,570.37,2023.6,2223750000000.0,12994500000000.0,2456650000000.0,1285100000000.0,41992500000.0,4258950000.0,646870000.0,335125000.0,6620800000.0,-50.7595,-0.8764000000000003,-0.525335,4258.95,6620.799999999999,5.5151346566300625e-08,1.5551387072375416,3.110277414475083
231.25,27.5,0.0,196.34,606.0,2083.5,1785250000000.0,11978500000000.0,2131350000000.0,1114950000000.0,35738000000.0,4041050000.0,713330000.0,291065000.0,6309350000.0,-50.756,-0.8808499999999997,-0.5523100000000001,4041.0499999999997,6309.349999999999,5.4257724181208756e-08,1.3833765746540119,2.7667531493080237
233.75,27.5,0.0,196.32999999999998,643.86,2141.7,1434600000000.0,11040000000000.0,1849400000000.0,967395000000.0,30432500000.0,3836150000.0,789675000.0,252255000.0,6034250000.0,-50.7525,-0.8849499999999999,-0.444315,3836.1499999999996,6034.25,5.342703826058091e-08,1.2367444759891637,2.4734889519783274
236.25,27.5,0.0,196.315,684.08,2198.4,1154350000000.0,10176500000000.0,1604900000000.0,839560000000.0,25927000000.0,3643000000.0,877665000.0,218095000.0,5794600000.0,-50.7495,-0.8885999999999998,-0.24372,3643.0,5794.599999999999,5.265094561686972e-08,1.1114471303847229,2.2228942607694457
238.75,27.5,0.0,196.3,726.81,2253.4,930440000000.0,9384550000000.0,1394550000000.0,729525000000.0,22087500000.0,3460500000.0,979570000.0,188060000.0,5589900000.0,-50.7465,-0.89195,-0.045366000000000004,3460.5,5589.9,5.1927389924815136e-08,1.004475587073376,2.008951174146752
241.25,27.5,0.0,196.29,772.21,2307.0,751035000000.0,8657700000000.0,1213950000000.0,635015000000.0,18833000000.0,3287850000.0,1098450000.0,161665000.0,5421200000.0,-50.7435,-0.895,0.10935500000000001,3287.85,5421.2,5.12482787152948e-08,0.9134540561873332,1.8269081123746664
243.75,27.5,0.0,196.28,820.45,2359.1,606750000000.0,7989950000000.0,1059250000000.0,554035000000.0,16088000000.0,3124400000.0,1238650000.0,138505000.0,5291050000.0,-50.741,-0.8977499999999998,0.21756999999999999,3124.3999999999996,5291.05,5.061135676728139e-08,0.836674387741979,1.673348775483958
246.25,27.5,0.0,196.28,871.7,2409.7,490235000000.0,7376200000000.0,925855000000.0,484175000000.0,13779000000.0,2969800000.0,1406800000.0,118175000.0,5204550000.0,-50.7385,-0.9002499999999998,0.32739,2969.7999999999997,5204.55,5.0013433284802555e-08,0.7730312606983444,1.5460625213966888
248.75,27.5,0.0,196.26999999999998,926.16,2459.0,395765000000.0,6812200000000.0,809950000000.0,423490000000.0,11836500000.0,2823600000.0,1613450000.0,100325000.0,5170600000.0,-50.73650000000001,-0.9025000000000001,0.50178,2823.6,5170.599999999999,4.944941522155321e-08,0.7219469320185081,1.4438938640370163
251.25,27.5,0.0,196.26,984.01,2506.9,318920000000.0,6293750000000.0,708565000000.0,370415000000.0,10188000000.0,2683000000.0,1874850000.0,84633000.0,5201650000.0,-50.7345,-0.9045500000000002,0.756855,2683.0,5201.65,4.891805831087452e-08,0.6827017401282363,1.3654034802564725
